{"v":"5.5.7","meta":{"g":"LottieFiles AE 0.1.21","a":"","k":"","d":"","tc":""},"fr":29.9700012207031,"ip":0,"op":43.0000017514259,"w":600,"h":600,"nm":"bounce egg","ddd":0,"assets":[],"layers":[{"ddd":0,"ind":1,"ty":4,"nm":"mouth","parent":3,"sr":1,"ks":{"o":{"a":0,"k":100,"ix":11},"r":{"a":0,"k":0,"ix":10},"p":{"a":0,"k":[13.641,108.824,0],"ix":2},"a":{"a":0,"k":[0,0,0],"ix":1},"s":{"a":0,"k":[156.25,156.25,100],"ix":6}},"ao":0,"shapes":[{"ty":"gr","it":[{"ind":0,"ty":"sh","ix":1,"ks":{"a":1,"k":[{"i":{"x":0.667,"y":1},"o":{"x":0.333,"y":0},"t":0,"s":[{"i":[[-11.46,0],[0,-7.18],[11.46,0],[0,7.18]],"o":[[11.46,0],[0,7.18],[-11.46,0],[0,-7.18]],"v":[[0.25,-2],[20.75,0],[-0.75,18.25],[-20.75,0]],"c":true}]},{"i":{"x":0.667,"y":1},"o":{"x":0.333,"y":0},"t":8,"s":[{"i":[[-11.46,0],[0,-7.18],[11.46,0],[0,7.18]],"o":[[11.46,0],[0,7.18],[-11.46,0],[0,-7.18]],"v":[[-1.133,-18.283],[18.8,7.667],[-0.617,21.95],[-19.167,7.917]],"c":true}]},{"i":{"x":0.667,"y":1},"o":{"x":0.333,"y":0},"t":15,"s":[{"i":[[-11.46,0],[0,-7.18],[11.46,0],[0,7.18]],"o":[[11.46,0],[0,7.18],[-11.46,0],[0,-7.18]],"v":[[0.125,-13.5],[12.625,-5.25],[-0.5,-2],[-14,-5.375]],"c":true}]},{"i":{"x":0.667,"y":1},"o":{"x":0.333,"y":0},"t":35,"s":[{"i":[[-11.46,0],[0,-7.18],[11.46,0],[0,7.18]],"o":[[11.46,0],[0,7.18],[-11.46,0],[0,-7.18]],"v":[[0,-18],[17.75,-3.75],[-0.5,-0.5],[-17.75,-3.5]],"c":true}]},{"t":43.0000017514259,"s":[{"i":[[-11.46,0],[0,-7.18],[11.46,0],[0,7.18]],"o":[[11.46,0],[0,7.18],[-11.46,0],[0,-7.18]],"v":[[0.25,-3.25],[20.75,-1.25],[0.25,14.25],[-20.75,-1.25]],"c":true}]}],"ix":2},"nm":"Path 1","mn":"ADBE Vector Shape - Group","hd":false},{"ty":"fl","c":{"a":0,"k":[0,0,0,1],"ix":4},"o":{"a":0,"k":100,"ix":5},"r":1,"bm":0,"nm":"Fill 1","mn":"ADBE Vector Graphic - Fill","hd":false},{"ty":"tr","p":{"a":0,"k":[-0.25,-147],"ix":2},"a":{"a":0,"k":[0,0],"ix":1},"s":{"a":0,"k":[100,100],"ix":3},"r":{"a":0,"k":0,"ix":6},"o":{"a":0,"k":100,"ix":7},"sk":{"a":0,"k":0,"ix":4},"sa":{"a":0,"k":0,"ix":5},"nm":"Transform"}],"nm":"Ellipse 1","np":3,"cix":2,"bm":0,"ix":1,"mn":"ADBE Vector Group","hd":false}],"ip":0,"op":43.0000017514259,"st":-10.0000004073083,"bm":0},{"ddd":0,"ind":2,"ty":4,"nm":"right_eye","parent":3,"sr":1,"ks":{"o":{"a":0,"k":100,"ix":11},"r":{"a":0,"k":0,"ix":10},"p":{"a":0,"k":[46.062,-154,0],"ix":2},"a":{"a":0,"k":[-24.25,-154,0],"ix":1},"s":{"a":0,"k":[100,100,100],"ix":6}},"ao":0,"shapes":[{"ty":"gr","it":[{"d":1,"ty":"el","s":{"a":0,"k":[14,14.5],"ix":2},"p":{"a":0,"k":[0,0],"ix":3},"nm":"Ellipse Path 1","mn":"ADBE Vector Shape - Ellipse","hd":false},{"ty":"fl","c":{"a":0,"k":[0,0,0,1],"ix":4},"o":{"a":0,"k":100,"ix":5},"r":1,"bm":0,"nm":"Fill 1","mn":"ADBE Vector Graphic - Fill","hd":false},{"ty":"tr","p":{"a":0,"k":[-24.25,-154],"ix":2},"a":{"a":0,"k":[0,0],"ix":1},"s":{"a":0,"k":[100,100],"ix":3},"r":{"a":0,"k":0,"ix":6},"o":{"a":0,"k":100,"ix":7},"sk":{"a":0,"k":0,"ix":4},"sa":{"a":0,"k":0,"ix":5},"nm":"Transform"}],"nm":"Ellipse 1","np":3,"cix":2,"bm":0,"ix":1,"mn":"ADBE Vector Group","hd":false}],"ip":0,"op":43.0000017514259,"st":-10.0000004073083,"bm":0},{"ddd":0,"ind":3,"ty":4,"nm":"l_eye","parent":5,"sr":1,"ks":{"o":{"a":0,"k":100,"ix":11},"r":{"a":0,"k":0,"ix":10},"p":{"a":1,"k":[{"i":{"x":0.667,"y":1},"o":{"x":0.628,"y":0},"t":0,"s":[-27.25,-303,0],"to":[0,17,0],"ti":[0,-17,0]},{"i":{"x":0.667,"y":0.667},"o":{"x":1,"y":1},"t":12,"s":[-27.25,-201,0],"to":[0,0,0],"ti":[0,0,0]},{"i":{"x":0.389,"y":1},"o":{"x":0.333,"y":0},"t":18,"s":[-27.25,-201,0],"to":[0.167,-18.667,0],"ti":[0,17,0]},{"i":{"x":0.634,"y":1},"o":{"x":0.323,"y":0},"t":35,"s":[-26.25,-313,0],"to":[0,-17,0],"ti":[0.167,-1.667,0]},{"t":43.0000017514259,"s":[-27.25,-303,0]}],"ix":2},"a":{"a":0,"k":[-45.25,-146,0],"ix":1},"s":{"a":0,"k":[64,64,100],"ix":6}},"ao":0,"shapes":[{"ty":"gr","it":[{"d":1,"ty":"el","s":{"a":0,"k":[14,14.5],"ix":2},"p":{"a":0,"k":[0,0],"ix":3},"nm":"Ellipse Path 1","mn":"ADBE Vector Shape - Ellipse","hd":false},{"ty":"fl","c":{"a":0,"k":[0,0,0,1],"ix":4},"o":{"a":0,"k":100,"ix":5},"r":1,"bm":0,"nm":"Fill 1","mn":"ADBE Vector Graphic - Fill","hd":false},{"ty":"tr","p":{"a":0,"k":[-24.25,-154],"ix":2},"a":{"a":0,"k":[0,0],"ix":1},"s":{"a":0,"k":[100,100],"ix":3},"r":{"a":0,"k":0,"ix":6},"o":{"a":0,"k":100,"ix":7},"sk":{"a":0,"k":0,"ix":4},"sa":{"a":0,"k":0,"ix":5},"nm":"Transform"}],"nm":"Ellipse 1","np":3,"cix":2,"bm":0,"ix":1,"mn":"ADBE Vector Group","hd":false}],"ip":0,"op":43.0000017514259,"st":-10.0000004073083,"bm":0},{"ddd":0,"ind":4,"ty":4,"nm":"shadow_mask","td":1,"sr":1,"ks":{"o":{"a":0,"k":100,"ix":11},"r":{"a":0,"k":0,"ix":10},"p":{"a":1,"k":[{"i":{"x":0.353,"y":1},"o":{"x":0.69,"y":0},"t":0,"s":[300,193,0],"to":[0,38.167,0],"ti":[0,-38.167,0]},{"i":{"x":0.24,"y":0.24},"o":{"x":0.962,"y":0.962},"t":14.989,"s":[300,422,0],"to":[0,0,0],"ti":[0,0,0]},{"i":{"x":0.075,"y":1},"o":{"x":0.394,"y":0},"t":18,"s":[300,422,0],"to":[0,-38.167,0],"ti":[0,38.167,0]},{"t":35.0000014255792,"s":[300,193,0]}],"ix":2},"a":{"a":0,"k":[-3,-208,0],"ix":1},"s":{"a":0,"k":[100,100,100],"ix":6}},"ao":0,"shapes":[{"ty":"gr","it":[{"ind":0,"ty":"sh","ix":1,"ks":{"a":1,"k":[{"i":{"x":0.667,"y":1},"o":{"x":0.333,"y":0},"t":-10,"s":[{"i":[[-31.48,0],[0,-31.48],[31.48,0],[0,31.48]],"o":[[31.48,0],[0,31.48],[-31.48,0],[0,-31.48]],"v":[[0,-57],[57,0],[0,57],[-57,0]],"c":true}]},{"i":{"x":0.667,"y":1},"o":{"x":0.333,"y":0},"t":0,"s":[{"i":[[-31.48,0],[0,-31.48],[31.48,0],[0,31.48]],"o":[[31.48,0],[0,31.48],[-31.48,0],[0,-31.48]],"v":[[0,-57],[57,0],[0,57],[-57,0]],"c":true}]},{"i":{"x":0.667,"y":1},"o":{"x":0.333,"y":0},"t":6,"s":[{"i":[[-16.613,-0.072],[-5.442,-33.445],[31.48,0],[-4.224,31.195]],"o":[[15.467,0.067],[5.056,31.072],[-31.48,0],[4.296,-31.727]],"v":[[0,-69.603],[50.699,-1.719],[0,57],[-50.126,-1.719]],"c":true}]},{"i":{"x":0.667,"y":1},"o":{"x":0.333,"y":0},"t":10,"s":[{"i":[[-16.613,-0.072],[-5.442,-33.445],[31.48,0],[-4.224,31.195]],"o":[[15.467,0.067],[5.056,31.072],[-31.48,0],[4.296,-31.727]],"v":[[0,-69.603],[43.251,-2.864],[0,57],[-44.397,-2.292]],"c":true}]},{"i":{"x":0.667,"y":1},"o":{"x":0.333,"y":0},"t":15,"s":[{"i":[[-16.613,-0.072],[-5.442,-33.445],[31.48,0],[-4.224,31.195]],"o":[[15.467,0.067],[5.056,31.072],[-31.48,0],[4.296,-31.727]],"v":[[0.573,3.724],[47.261,8.593],[0,57],[-46.116,13.176]],"c":true}]},{"i":{"x":0.667,"y":1},"o":{"x":0.333,"y":0},"t":17,"s":[{"i":[[-16.613,-0.072],[-5.442,-33.445],[31.48,0],[-4.224,31.195]],"o":[[15.467,0.067],[5.056,31.072],[-31.48,0],[4.296,-31.727]],"v":[[5.156,19.191],[62.729,32.08],[0,57],[-55.854,33.226]],"c":true}]},{"i":{"x":0.667,"y":1},"o":{"x":0.333,"y":0},"t":19,"s":[{"i":[[-16.613,-0.072],[-5.442,-33.445],[31.48,0],[-4.224,31.195]],"o":[[15.467,0.067],[5.056,31.072],[-31.48,0],[4.296,-31.727]],"v":[[5.729,-8.879],[61.01,18.332],[0,57],[-48.98,16.613]],"c":true}]},{"i":{"x":0.667,"y":1},"o":{"x":0.333,"y":0},"t":22,"s":[{"i":[[-16.613,-0.072],[9.193,-32.614],[31.48,0],[-4.224,31.195]],"o":[[15.467,0.067],[-13.462,47.762],[-31.48,0],[4.296,-31.727]],"v":[[5.729,-32.94],[53.563,8.02],[8.593,67.885],[-40.387,-1.146]],"c":true}]},{"i":{"x":0.667,"y":1},"o":{"x":0.333,"y":0},"t":26,"s":[{"i":[[-16.613,-0.072],[-5.442,-33.445],[28.07,2.416],[-4.224,31.196]],"o":[[15.467,0.067],[5.056,31.072],[-21.178,-1.823],[4.296,-31.727]],"v":[[1.146,-47.261],[50.699,-1.719],[1.146,78.769],[-50.126,-1.719]],"c":true}]},{"i":{"x":0.667,"y":1},"o":{"x":0.333,"y":0},"t":35,"s":[{"i":[[-31.48,0],[0,-31.48],[31.48,0],[0,31.48]],"o":[[31.48,0],[0,31.48],[-31.48,0],[0,-31.48]],"v":[[0.573,-64.447],[53.563,-22.915],[0.573,27.784],[-53.563,-21.769]],"c":true}]},{"t":43.0000017514259,"s":[{"i":[[-31.48,0],[0,-31.48],[31.48,0],[0,31.48]],"o":[[31.48,0],[0,31.48],[-31.48,0],[0,-31.48]],"v":[[0,-57],[57,0],[0,57],[-57,0]],"c":true}]}],"ix":2},"nm":"Path 1","mn":"ADBE Vector Shape - Group","hd":false},{"ty":"fl","c":{"a":0,"k":[1,1,1,1],"ix":4},"o":{"a":0,"k":100,"ix":5},"r":1,"bm":0,"nm":"Fill 1","mn":"ADBE Vector Graphic - Fill","hd":false},{"ty":"tr","p":{"a":0,"k":[-3,-240],"ix":2},"a":{"a":0,"k":[0,0],"ix":1},"s":{"a":0,"k":[174.561,174.561],"ix":3},"r":{"a":0,"k":0,"ix":6},"o":{"a":0,"k":100,"ix":7},"sk":{"a":0,"k":0,"ix":4},"sa":{"a":0,"k":0,"ix":5},"nm":"Transform"}],"nm":"Ellipse 1","np":3,"cix":2,"bm":0,"ix":1,"mn":"ADBE Vector Group","hd":false}],"ip":0,"op":43.0000017514259,"st":-10.0000004073083,"bm":0},{"ddd":0,"ind":5,"ty":4,"nm":"Body_shadow","tt":2,"sr":1,"ks":{"o":{"a":0,"k":100,"ix":11},"r":{"a":0,"k":0,"ix":10},"p":{"a":1,"k":[{"i":{"x":0.353,"y":1},"o":{"x":0.69,"y":0},"t":0,"s":[300,193,0],"to":[0,38.167,0],"ti":[0,-38.167,0]},{"i":{"x":0.24,"y":0.24},"o":{"x":0.962,"y":0.962},"t":14.989,"s":[300,422,0],"to":[0,0,0],"ti":[0,0,0]},{"i":{"x":0.075,"y":1},"o":{"x":0.394,"y":0},"t":18,"s":[300,422,0],"to":[0,-38.167,0],"ti":[0,38.167,0]},{"t":35.0000014255792,"s":[300,193,0]}],"ix":2},"a":{"a":0,"k":[-3,-240,0],"ix":1},"s":{"a":0,"k":[100,100,100],"ix":6}},"ao":0,"shapes":[{"ty":"gr","it":[{"ind":0,"ty":"sh","ix":1,"ks":{"a":1,"k":[{"i":{"x":0.667,"y":1},"o":{"x":0.333,"y":0},"t":-10,"s":[{"i":[[-31.48,0],[0,-31.48],[31.48,0],[0,31.48]],"o":[[31.48,0],[0,31.48],[-31.48,0],[0,-31.48]],"v":[[0,-57],[57,0],[0,57],[-57,0]],"c":true}]},{"i":{"x":0.667,"y":1},"o":{"x":0.333,"y":0},"t":0,"s":[{"i":[[-31.48,0],[0,-31.48],[31.48,0],[0,31.48]],"o":[[31.48,0],[0,31.48],[-31.48,0],[0,-31.48]],"v":[[0,-57],[57,0],[0,57],[-57,0]],"c":true}]},{"i":{"x":0.667,"y":1},"o":{"x":0.333,"y":0},"t":6,"s":[{"i":[[-16.613,-0.072],[-5.442,-33.445],[31.48,0],[-4.224,31.195]],"o":[[15.467,0.067],[5.056,31.072],[-31.48,0],[4.296,-31.727]],"v":[[0,-69.603],[50.699,-1.719],[0,57],[-50.126,-1.719]],"c":true}]},{"i":{"x":0.667,"y":1},"o":{"x":0.333,"y":0},"t":10,"s":[{"i":[[-16.613,-0.072],[-5.442,-33.445],[31.48,0],[-4.224,31.195]],"o":[[15.467,0.067],[5.056,31.072],[-31.48,0],[4.296,-31.727]],"v":[[0,-69.603],[43.251,-2.864],[0,57],[-44.397,-2.292]],"c":true}]},{"i":{"x":0.667,"y":1},"o":{"x":0.333,"y":0},"t":15,"s":[{"i":[[-16.613,-0.072],[-5.442,-33.445],[31.48,0],[-4.224,31.195]],"o":[[15.467,0.067],[5.056,31.072],[-31.48,0],[4.296,-31.727]],"v":[[0.573,3.724],[47.261,8.593],[0,57],[-46.116,13.176]],"c":true}]},{"i":{"x":0.667,"y":1},"o":{"x":0.333,"y":0},"t":17,"s":[{"i":[[-16.613,-0.072],[-5.442,-33.445],[31.48,0],[-4.224,31.195]],"o":[[15.467,0.067],[5.056,31.072],[-31.48,0],[4.296,-31.727]],"v":[[5.156,19.191],[62.729,32.08],[0,57],[-55.854,33.226]],"c":true}]},{"i":{"x":0.667,"y":1},"o":{"x":0.333,"y":0},"t":19,"s":[{"i":[[-16.613,-0.072],[-5.442,-33.445],[31.48,0],[-4.224,31.195]],"o":[[15.467,0.067],[5.056,31.072],[-31.48,0],[4.296,-31.727]],"v":[[5.729,-8.879],[61.01,18.332],[0,57],[-48.98,16.613]],"c":true}]},{"i":{"x":0.667,"y":1},"o":{"x":0.333,"y":0},"t":22,"s":[{"i":[[-16.613,-0.072],[9.193,-32.614],[31.48,0],[-4.224,31.195]],"o":[[15.467,0.067],[-13.462,47.762],[-31.48,0],[4.296,-31.727]],"v":[[5.729,-32.94],[53.563,8.02],[8.593,67.885],[-40.387,-1.146]],"c":true}]},{"i":{"x":0.667,"y":1},"o":{"x":0.333,"y":0},"t":26,"s":[{"i":[[-16.613,-0.072],[-5.442,-33.445],[28.07,2.416],[-4.224,31.196]],"o":[[15.467,0.067],[5.056,31.072],[-21.178,-1.823],[4.296,-31.727]],"v":[[1.146,-47.261],[50.699,-1.719],[1.146,78.769],[-50.126,-1.719]],"c":true}]},{"i":{"x":0.667,"y":1},"o":{"x":0.333,"y":0},"t":35,"s":[{"i":[[-31.48,0],[0,-31.48],[31.48,0],[0,31.48]],"o":[[31.48,0],[0,31.48],[-31.48,0],[0,-31.48]],"v":[[0.573,-64.447],[53.563,-22.915],[0.573,27.784],[-53.563,-21.769]],"c":true}]},{"t":43.0000017514259,"s":[{"i":[[-31.48,0],[0,-31.48],[31.48,0],[0,31.48]],"o":[[31.48,0],[0,31.48],[-31.48,0],[0,-31.48]],"v":[[0,-57],[57,0],[0,57],[-57,0]],"c":true}]}],"ix":2},"nm":"Path 1","mn":"ADBE Vector Shape - Group","hd":false},{"ty":"fl","c":{"a":0,"k":[1,0.42745098039215684,0.5764705882352941,1],"ix":4},"o":{"a":0,"k":100,"ix":5},"r":1,"bm":0,"nm":"Fill 1","mn":"ADBE Vector Graphic - Fill","hd":false},{"ty":"tr","p":{"a":0,"k":[-3,-240],"ix":2},"a":{"a":0,"k":[0,0],"ix":1},"s":{"a":0,"k":[174.561,174.561],"ix":3},"r":{"a":0,"k":0,"ix":6},"o":{"a":0,"k":100,"ix":7},"sk":{"a":0,"k":0,"ix":4},"sa":{"a":0,"k":0,"ix":5},"nm":"Transform"}],"nm":"Ellipse 1","np":3,"cix":2,"bm":0,"ix":1,"mn":"ADBE Vector Group","hd":false}],"ip":0,"op":43.0000017514259,"st":-10.0000004073083,"bm":0},{"ddd":0,"ind":6,"ty":4,"nm":"Body","sr":1,"ks":{"o":{"a":0,"k":100,"ix":11},"r":{"a":0,"k":0,"ix":10},"p":{"a":1,"k":[{"i":{"x":0.353,"y":1},"o":{"x":0.69,"y":0},"t":0,"s":[300,193,0],"to":[0,38.167,0],"ti":[0,-38.167,0]},{"i":{"x":0.24,"y":0.24},"o":{"x":0.962,"y":0.962},"t":14.989,"s":[300,422,0],"to":[0,0,0],"ti":[0,0,0]},{"i":{"x":0.075,"y":1},"o":{"x":0.394,"y":0},"t":18,"s":[300,422,0],"to":[0,-38.167,0],"ti":[0,38.167,0]},{"t":35.0000014255792,"s":[300,193,0]}],"ix":2},"a":{"a":0,"k":[-3,-240,0],"ix":1},"s":{"a":0,"k":[100,100,100],"ix":6}},"ao":0,"shapes":[{"ty":"gr","it":[{"ind":0,"ty":"sh","ix":1,"ks":{"a":1,"k":[{"i":{"x":0.667,"y":1},"o":{"x":0.333,"y":0},"t":-10,"s":[{"i":[[-31.48,0],[0,-31.48],[31.48,0],[0,31.48]],"o":[[31.48,0],[0,31.48],[-31.48,0],[0,-31.48]],"v":[[0,-57],[57,0],[0,57],[-57,0]],"c":true}]},{"i":{"x":0.667,"y":1},"o":{"x":0.333,"y":0},"t":0,"s":[{"i":[[-31.48,0],[0,-31.48],[31.48,0],[0,31.48]],"o":[[31.48,0],[0,31.48],[-31.48,0],[0,-31.48]],"v":[[0,-57],[57,0],[0,57],[-57,0]],"c":true}]},{"i":{"x":0.667,"y":1},"o":{"x":0.333,"y":0},"t":6,"s":[{"i":[[-16.613,-0.072],[-5.442,-33.445],[31.48,0],[-4.224,31.195]],"o":[[15.467,0.067],[5.056,31.072],[-31.48,0],[4.296,-31.727]],"v":[[0,-69.603],[50.699,-1.719],[0,57],[-50.126,-1.719]],"c":true}]},{"i":{"x":0.667,"y":1},"o":{"x":0.333,"y":0},"t":10,"s":[{"i":[[-16.613,-0.072],[-5.442,-33.445],[31.48,0],[-4.224,31.195]],"o":[[15.467,0.067],[5.056,31.072],[-31.48,0],[4.296,-31.727]],"v":[[0,-69.603],[43.251,-2.864],[0,57],[-44.397,-2.292]],"c":true}]},{"i":{"x":0.667,"y":1},"o":{"x":0.333,"y":0},"t":15,"s":[{"i":[[-16.613,-0.072],[-5.442,-33.445],[31.48,0],[-4.224,31.195]],"o":[[15.467,0.067],[5.056,31.072],[-31.48,0],[4.296,-31.727]],"v":[[0.573,3.724],[47.261,8.593],[0,57],[-46.116,13.176]],"c":true}]},{"i":{"x":0.667,"y":1},"o":{"x":0.333,"y":0},"t":17,"s":[{"i":[[-16.613,-0.072],[-5.442,-33.445],[31.48,0],[-4.224,31.195]],"o":[[15.467,0.067],[5.056,31.072],[-31.48,0],[4.296,-31.727]],"v":[[5.156,19.191],[62.729,32.08],[0,57],[-55.854,33.226]],"c":true}]},{"i":{"x":0.667,"y":1},"o":{"x":0.333,"y":0},"t":19,"s":[{"i":[[-16.613,-0.072],[-5.442,-33.445],[31.48,0],[-4.224,31.195]],"o":[[15.467,0.067],[5.056,31.072],[-31.48,0],[4.296,-31.727]],"v":[[5.729,-8.879],[61.01,18.332],[0,57],[-48.98,16.613]],"c":true}]},{"i":{"x":0.667,"y":1},"o":{"x":0.333,"y":0},"t":22,"s":[{"i":[[-16.613,-0.072],[9.193,-32.614],[31.48,0],[-4.224,31.195]],"o":[[15.467,0.067],[-13.462,47.762],[-31.48,0],[4.296,-31.727]],"v":[[5.729,-32.94],[53.563,8.02],[8.593,67.885],[-40.387,-1.146]],"c":true}]},{"i":{"x":0.667,"y":1},"o":{"x":0.333,"y":0},"t":26,"s":[{"i":[[-16.613,-0.072],[-5.442,-33.445],[28.07,2.416],[-4.224,31.196]],"o":[[15.467,0.067],[5.056,31.072],[-21.178,-1.823],[4.296,-31.727]],"v":[[1.146,-47.261],[50.699,-1.719],[1.146,78.769],[-50.126,-1.719]],"c":true}]},{"i":{"x":0.667,"y":1},"o":{"x":0.333,"y":0},"t":35,"s":[{"i":[[-31.48,0],[0,-31.48],[31.48,0],[0,31.48]],"o":[[31.48,0],[0,31.48],[-31.48,0],[0,-31.48]],"v":[[0.573,-64.447],[53.563,-22.915],[0.573,27.784],[-53.563,-21.769]],"c":true}]},{"t":43.0000017514259,"s":[{"i":[[-31.48,0],[0,-31.48],[31.48,0],[0,31.48]],"o":[[31.48,0],[0,31.48],[-31.48,0],[0,-31.48]],"v":[[0,-57],[57,0],[0,57],[-57,0]],"c":true}]}],"ix":2},"nm":"Path 1","mn":"ADBE Vector Shape - Group","hd":false},{"ty":"fl","c":{"a":0,"k":[1,0.42745098039215684,0.5764705882352941,1],"ix":4},"o":{"a":0,"k":100,"ix":5},"r":1,"bm":0,"nm":"Fill 1","mn":"ADBE Vector Graphic - Fill","hd":false},{"ty":"tr","p":{"a":0,"k":[-3,-240],"ix":2},"a":{"a":0,"k":[0,0],"ix":1},"s":{"a":0,"k":[174.561,174.561],"ix":3},"r":{"a":0,"k":0,"ix":6},"o":{"a":0,"k":100,"ix":7},"sk":{"a":0,"k":0,"ix":4},"sa":{"a":0,"k":0,"ix":5},"nm":"Transform"}],"nm":"Ellipse 1","np":3,"cix":2,"bm":0,"ix":1,"mn":"ADBE Vector Group","hd":false}],"ip":0,"op":43.0000017514259,"st":-10.0000004073083,"bm":0},{"ddd":0,"ind":7,"ty":4,"nm":"shadow","sr":1,"ks":{"o":{"a":0,"k":100,"ix":11},"r":{"a":0,"k":0,"ix":10},"p":{"a":0,"k":[303.5,518,0],"ix":2},"a":{"a":0,"k":[3.5,227,0],"ix":1},"s":{"a":1,"k":[{"i":{"x":[0.667,0.667,0.667],"y":[1,1,1]},"o":{"x":[0.683,0.333,0.333],"y":[0,0,0]},"t":0,"s":[54.717,93.75,100]},{"i":{"x":[0.667,0.667,0.667],"y":[1,1,1]},"o":{"x":[1,0.333,0.333],"y":[0,0,0]},"t":15,"s":[96.717,93.75,100]},{"i":{"x":[0.317,0.667,0.667],"y":[1,1,1]},"o":{"x":[0.333,0.333,0.333],"y":[0,0,0]},"t":18,"s":[96.717,93.75,100]},{"t":35.0000014255792,"s":[54.717,93.75,100]}],"ix":6}},"ao":0,"shapes":[{"ty":"gr","it":[{"d":1,"ty":"el","s":{"a":0,"k":[159,16],"ix":2},"p":{"a":0,"k":[0,0],"ix":3},"nm":"Ellipse Path 1","mn":"ADBE Vector Shape - Ellipse","hd":false},{"ty":"fl","c":{"a":0,"k":[1,0.9411764705882353,0.9568627450980393,1],"ix":4},"o":{"a":0,"k":100,"ix":5},"r":1,"bm":0,"nm":"Fill 1","mn":"ADBE Vector Graphic - Fill","hd":false},{"ty":"tr","p":{"a":0,"k":[3.5,227],"ix":2},"a":{"a":0,"k":[0,0],"ix":1},"s":{"a":0,"k":[100,100],"ix":3},"r":{"a":0,"k":0,"ix":6},"o":{"a":0,"k":100,"ix":7},"sk":{"a":0,"k":0,"ix":4},"sa":{"a":0,"k":0,"ix":5},"nm":"Transform"}],"nm":"Ellipse 1","np":3,"cix":2,"bm":0,"ix":1,"mn":"ADBE Vector Group","hd":false}],"ip":0,"op":43.0000017514259,"st":-10.0000004073083,"bm":0}],"markers":[]}